ids,Gender,Athlete,Height,Weight,Smoking,Sprint,English,Reading,Math,Writing,LiveOnCampus,SleepTime,StudyTime,,,,,,,,,,81.34
41870,1,0,55.00,101.71,0.00,7.433,86.23,89.19,61.20,88.91,1,9,3,,,,,,,,,,
49342,1,0,55.05,153.83,0.00,6.350,73.72,77.73,66.57,54.00,1,4,6,,,,,,,,,,
35350,1,0,56.36,126.47,0.00,7.570,87.33,67.42,53.17,87.05,1,7,3,,,,,,,,,,
41254,1,0,56.54,129.98,0.00,7.171,85.53,76.35,55.19,84.97,1,4,15,,,,,,,,,,
39290,1,0,56.92,166.97,0.00,6.813,90.43,80.36,57.17,87.33,1,8,7,,,,,,,,,,
24267,1,0,57.01,113.66,0.00,6.822,86.13,84.98,59.08,81.71,1,4,17,,,,,,,,,,
34690,1,0,57.06,113.70,2.00,7.993,83.34,75.52,67.00,78.89,1,2,14,,,,,,,,,,
22417,1,0,57.20,9999.00,0.00,4.56,83.75,81.54,51.95,77.56,1,13,4,,,,,,,,,,
26843,1,0,57.24,170.00,0.00,3.46,81.00,86.66,69.38,45.00,0,9,8,,,,,,,,,,
35687,1,0,57.33,108.01,0.00,8.525,81.74,83.16,46.25,84.22,1,8,7,,,,,,,,,,
24202,1,0,57.40,164.53,0.00,6.839,79.00,78.47,59.89,79.02,1,8,4,,,,,,,,,,
20626,1,0,57.42,179.34,2.00,6.619,73.12,68.65,69.47,78.81,0,6,2,,,,,,,,,,
33377,1,0,57.50,103.44,0.00,7.708,84.18,87.59,61.30,82.64,1,8,3,,,,,,,,,,
43692,1,0,57.82,170.81,0.00,4.56,85.53,89.67,78.05,75.00,1,8,7,,,,,,,,,,
31793,1,0,57.84,155.57,2.00,8.014,94.74,96.24,69.93,88.19,1,4,4,,,,,,,,,,
26435,1,0,58.18,162.45,2.00,5.513,77.97,89.03,79.61,92.30,1,3,5,,,,,,,,,,
44661,1,0,58.31,113.11,0.00,8.133,80.84,82.97,67.53,83.36,1,6,4,,,,,,,,,,
24904,1,0,58.69,135.69,0.00,7.024,86.80,83.24,64.88,86.69,0,6,8,,,,,,,,,,
26154,1,0,58.80,128.73,0.00,6.737,74.88,79.61,51.30,79.64,0,2,7,,,,,,,,,,
41397,1,0,58.93,163.72,0.00,6.673,84.86,80.98,71.64,86.86,0,10,6,,,,,,,,,,
23717,1,0,59.25,110.62,0.00,7.419,85.03,81.98,72.90,85.70,0,5,23,,,,,,,,,,
45377,1,0,59.56,119.99,0.00,6.829,83.60,91.38,68.61,80.35,0,6,8.00,,,,,,,,,,
40303,1,0,59.59,186.40,0.00,4.64,84.67,87.04,73.94,87.61,0,3,4,,,,,,,,,,
41406,1,0,59.68,9999.00,0.00,7.136,83.86,74.11,61.29,82.26,0,6,9,,,,,,,,,,
29009,1,0,60.13,115.83,2.00,8.598,75.56,75.68,57.47,74.78,1,3,3,,,,,,,,,,
42769,1,0,60.15,141.98,1.00,7.66,75.07,72.17,49.40,75.89,1,8,2,,,,,,,,,,
38872,1,0,60.20,183.13,2.00,6.111,83.49,84.04,76.01,87.54,0,4,23,,,,,,,,,,
28689,0,0,60.49,9999.00,1.00,8.001,90.64,91.65,70.38,78.62,0,10,3,,,,,,,,,,
26961,1,0,60.51,134.85,0.00,7.802,83.45,90.41,60.94,76.85,0,5,4,,,,,,,,,,
49572,1,0,60.68,122.24,2.00,7.747,75.69,78.10,47.10,79.72,0,7,7,,,,,,,,,,
35681,1,0,60.84,106.97,0.00,7.374,85.45,82.44,46.14,76.75,0,9,12,,,,,,,,,,
37458,1,0,60.88,148.84,0.00,6.747,80.52,81.38,67.75,82.68,0,2,9,,,,,,,,,,
48764,1,0,60.94,198.51,2.00,6.290,85.55,88.08,72.74,89.31,0,6,26.00,,,,,,,,,,
31419,0,0,61.10,166.91,0.00,6.614,95.81,95.42,74.81,72.48,0,1,3,,,,,,,,,,
46109,0,0,61.16,132.78,0.00,7.53,90.80,77.92,65.46,75.46,1,12,3,,,,,,,,,,
22147,1,0,61.17,126.82,2.00,7.120,85.67,91.34,78.54,88.33,0,5,15,,,,,,,,,,
45784,1,0,61.20,9999.00,2.00,6.54,45.73,80.79,89.76,76.25,0,2,5,,,,,,,,,,
40161,1,0,61.22,197.51,0.00,7.296,87.87,91.89,77.23,86.60,1,10,1,,,,,,,,,,
20248,,0,61.32,153.87,2.00,6.449,88.31,97.32,85.07,88.38,0,5,6,,,,,,,,,,
25714,,0,61.49,237.06,0.00,6.320,82.23,86.94,62.51,75.63,0,8,6,,,,,,,,,,
36681,0,0,61.51,153.93,2.00,6.769,87.60,85.40,60.27,73.29,0,5,9,,,,,,,,,,
49381,1,0,61.53,202.95,2.00,6.73,80.03,80.19,65.69,86.64,0,3,15.00,,,,,,,,,,
34581,0,0,61.53,9999.00,0.00,6.685,89.06,74.67,64.93,69.07,0,0,6,,,,,,,,,,
42783,0,0,61.66,181.77,2.00,7.332,87.71,91.03,76.42,84.27,0,7,2,,,,,,,,,,
31434,0,0,61.75,182.23,2.00,6.801,92.32,91.04,73.11,73.45,0,3,6,,,,,,,,,,
32895,0,0,61.75,9999.00,0.00,7.435,74.00,76.19,70.84,82.31,1,6,13,,,,,,,,,,
46752,1,0,61.94,179.64,2.00,7.013,99.51,95.81,68.91,84.19,1,3,9,,,,,,,,,,
30904,1,0,61.94,204.23,1.00,6.075,77.66,66.99,59.60,76.33,0,3,3,,,,,,,,,,
47122,1,0,62.01,177.30,0.00,7.186,77.71,99.35,85.57,87.08,0,9,6,,,,,,,,,,
46912,0,0,62.10,130.69,2.00,7.973,78.54,81.27,76.78,76.42,0,7,5,,,,,,,,,,
24153,1,0,62.12,106.48,2.00,8.480,81.00,70.87,48.06,88.89,1,7,4,,,,,,,,,,
49155,1,0,62.20,186.84,0.00,6.735,77.17,55.11,40.38,80.62,1,8,3,,,,,,,,,,
41425,1,0,62.27,150.22,1.00,4.56,79.44,91.34,68.44,80.72,0,3,7,,,,,,,,,,
32437,1,0,62.28,128.98,0.00,3.46,74.59,72.61,63.64,78.86,0,6,1,,,,,,,,,,
27435,1,0,62.32,186.50,1.00,4.56,83.83,94.87,73.25,81.85,0,1,5,,,,,,,,,,
25701,1,0,62.36,163.99,0.00,4.64,83.97,85.85,57.74,83.65,1,6,11,,,,,,,,,,
40803,1,0,62.38,135.52,0.00,7.66,94.64,89.06,70.44,88.15,1,3,2,,,,,,,,,,
38528,1,0,62.42,127.89,1.00,7.53,85.24,82.77,82.14,83.03,1,2,5,,,,,,,,,,
38020,1,0,62.43,171.13,1.00,6.54,86.20,79.24,59.85,75.76,0,3,11,,,,,,,,,,
48702,0,0,62.46,155.30,2.00,6.73,84.65,68.73,55.84,73.04,0,7,4,,,,,,,,,,
35023,1,0,62.46,193.87,0.00,4.56,94.43,87.34,79.93,79.63,1,6,19,,,,,,,,,,
20402,0,0,62.46,202.77,0.00,3.456,74.15,80.96,69.39,75.77,0,9,7,,,,,,,,,,
23937,1,0,62.59,139.85,2.00,4.563,83.79,87.48,57.57,81.66,0,4,8,,,,,,,,,,
28874,1,1,62.60,109.93,0.00,4.636,83.14,83.74,53.37,81.09,0,10,12,,,,,,,,,,
47027,1,0,62.73,9999.00,1.00,7.656,80.74,78.99,59.38,76.49,1,3,11,,,,,,,,,,
47506,1,1,62.74,161.47,0.00,7.53,75.09,88.17,72.10,76.65,1,8,7,,,,,,,,,,
34362,1,0,62.79,154.95,1.00,6.535,78.07,75.30,60.59,80.50,0,7,15,,,,,,,,,,
49854,0,0,62.80,256.03,0.00,6.734,81.22,86.67,66.44,78.63,0,7,11,,,,,,,,,,
42850,0,0,62.84,115.98,2.00,7.817,60.96,69.87,58.97,71.56,1,1,4,,,,,,,,,,
47050,1,0,62.89,158.85,2.00,7.256,84.30,78.72,72.52,80.03,0,3,12,,,,,,,,,,
38724,1,1,62.98,159.58,0.00,5.536,80.71,80.56,75.43,75.48,1,4,4,,,,,,,,,,
29516,1,0,62.98,9999.00,2.00,5.34,83.57,84.35,74.31,80.70,1,7,6.00,,,,,,,,,,
21256,1,0,63.02,201.87,0.00,8.232,77.96,80.23,56.93,77.73,0,5,6,,,,,,,,,,
28328,0,0,63.07,191.58,0.00,7.095,76.00,89.00,72.63,77.47,0,2,3,,,,,,,,,,
39415,1,0,63.11,9999.00,0.00,6.960,83.70,82.00,56.14,84.95,0,5,9,,,,,,,,,,
37701,1,1,63.12,9999.00,2.00,6.499,85.71,78.06,66.83,82.99,1,6,1,,,,,,,,,,
49806,1,0,63.22,127.69,1.00,7.616,78.30,83.75,77.03,78.70,1,3,4,,,,,,,,,,
46439,1,0,63.25,191.19,0.00,6.900,84.35,74.53,55.72,86.93,0,6,13,,,,,,,,,,
33117,1,1,63.27,122.85,0.00,5.303,87.75,81.48,62.87,80.16,1,5,7,,,,,,,,,,
21421,1,1,63.38,9999.00,0.00,5.080,85.87,95.07,72.42,84.30,0,4,8,,,,,,,,,,
34033,1,0,63.44,140.92,2.00,6.428,84.34,65.34,68.01,84.32,1,9,1,,,,,,,,,,
42791,1,0,63.52,180.09,0.00,9.241,85.62,82.48,82.40,87.10,1,10,5,,,,,,,,,,
23037,1,0,63.61,191.16,2.00,6.587,44.78,64.68,64.67,84.71,0,4,4,,,,,,,,,,
42023,1,0,63.63,126.63,0.00,7.701,72.31,89.03,78.04,72.55,0,8,1,,,,,,,,,,
44929,0,0,63.77,236.64,0.00,6.599,86.35,88.85,70.36,74.82,1,10,16,,,,,,,,,,
21492,1,1,63.88,161.63,0.00,4.644,81.83,74.06,71.23,82.36,1,5,4,,,,,,,,,,
26691,1,1,63.91,149.48,0.00,4.895,85.27,77.75,69.30,75.60,0,5,20,,,,,,,,,,
39816,1,0,63.96,185.01,1.00,8.274,78.85,85.44,62.80,76.39,0,1,14,,,,,,,,,,
32440,1,1,64.10,158.74,0.00,4.779,89.73,84.52,71.87,86.49,0,2,7,,,,,,,,,,
20758,0,1,64.12,173.01,0.00,5.005,79.11,83.40,64.08,84.12,0,5,10,,,,,,,,,,
47007,1,1,64.13,153.72,0.00,5.551,83.71,83.97,69.37,81.64,1,6,5,,,,,,,,,,
27177,1,1,64.14,9999.00,0.00,5.974,88.15,73.14,46.66,85.12,0,7,10,,,,,,,,,,
47912,0,0,64.31,211.65,0.00,2.86,88.02,81.46,57.78,80.37,1,4,4,,,,,,,,,,
36655,0,1,64.39,194.98,0.00,5.270,81.90,81.98,73.83,73.72,0,8,6,,,,,,,,,,
22567,1,1,64.43,194.01,0.00,4.819,80.07,103.62,79.17,75.56,1,7,21.00,,,,,,,,,,
23340,1,1,64.46,134.77,0.00,6.177,75.05,88.79,85.69,83.22,0,4,8,,,,,,,,,,
37333,1,0,64.65,150.23,0.00,6.566,89.12,75.65,69.90,86.33,0,4,15,,,,,,,,,,
34019,0,0,64.66,253.22,2.00,8.45,86.16,94.94,68.78,71.93,0,10,5,,,,,,,,,,
43971,1,1,64.70,182.59,0.00,6.093,83.27,80.54,70.55,86.27,1,4,24.00,,,,,,,,,,
30418,,0,64.75,227.08,0.00,6.520,96.16,78.02,58.29,79.61,0,7,16.00,,,,,,,,,,
40313,1,1,64.78,168.88,0.00,5.584,81.33,77.14,52.83,81.41,0,3,12,,,,,,,,,,
33153,,0,64.82,199.74,0.00,7.181,76.89,84.98,75.66,87.03,1,5,3,,,,,,,,,,
30720,0,0,64.83,159.95,0.00,6.897,82.06,78.72,73.13,73.33,0,13,12,,,,,,,,,,
48295,1,0,64.87,203.55,0.00,6.895,84.41,84.50,72.06,91.38,0,3,19,,,,,,,,,,
26199,1,0,64.88,162.80,0.00,7.990,83.20,76.03,54.85,85.80,0,2,8,,,,,,,,,,
38134,0,1,64.90,194.61,0.00,4.873,84.95,81.01,62.08,71.21,1,6,5,,,,,,,,,,
22494,0,1,64.92,129.16,0.00,5.139,83.11,75.79,65.43,64.00,1,4,5,,,,,,,,,,
30337,1,1,64.95,150.39,0.00,5.619,81.75,81.38,56.27,82.77,0,4,8,,,,,,,,,,
31576,1,1,65.02,143.05,0.00,5.644,86.00,80.45,66.51,72.36,1,8,1,,,,,,,,,,
22425,1,1,65.03,9999.00,2.00,5.817,82.80,79.38,51.32,75.98,0,6,4,,,,,,,,,,
30989,1,1,65.05,153.82,0.00,7.34,90.44,87.64,82.37,63.00,0,5,1,,,,,,,,,,
28668,0,1,65.13,158.49,0.00,2.47,77.07,86.95,68.02,79.05,0,5,12,,,,,,,,,,
22029,1,1,65.17,9999.00,0.00,6.330,78.98,91.92,74.43,77.14,0,7,22,,,,,,,,,,
38764,0,1,65.21,139.95,0.00,4.661,101.95,74.45,66.80,88.50,0,4,2,,,,,,,,,,
45902,0,0,65.22,154.11,2.00,7.55,85.16,83.96,64.56,90.62,1,10,6,,,,,,,,,,
45104,0,0,65.29,167.51,0.00,7.617,80.64,82.78,60.13,86.08,1,6,1,,,,,,,,,,
42540,1,1,65.30,153.17,0.00,5.360,75.06,79.50,59.10,76.46,1,6,6,,,,,,,,,,
49137,0,1,65.37,142.54,2.00,5.941,79.81,66.57,60.05,77.09,0,7,9,,,,,,,,,,
21389,1,1,65.39,151.53,0.00,6.00,78.95,79.34,64.38,84.00,0,4,5,,,,,,,,,,
32439,1,1,65.45,149.18,0.00,5.472,91.44,96.56,76.42,87.32,0,8,7,,,,,,,,,,
28642,1,0,65.45,150.12,0.00,4.36,80.82,69.00,62.53,82.44,1,8,10,,,,,,,,,,
41762,0,1,65.45,176.93,0.00,5.234,79.18,86.06,63.77,70.28,0,4,13,,,,,,,,,,
36100,0,0,65.51,214.60,0.00,6.798,95.86,81.47,65.64,87.96,0,4,16,,,,,,,,,,
29313,0,1,65.56,162.63,1.00,5.153,86.47,85.19,64.45,79.36,1,5,3,,,,,,,,,,
43255,0,0,65.56,186.21,1.00,6.363,79.12,76.14,72.92,71.00,0,7,4,,,,,,,,,,
48309,1,0,65.62,123.84,0.00,8.55,80.59,94.70,74.54,84.25,1,10,4,,,,,,,,,,
30826,1,1,65.62,158.96,0.00,6.35,86.02,79.63,74.44,83.52,0,5,2,,,,,,,,,,
34595,1,1,65.64,151.96,0.00,5.544,93.78,83.49,66.03,77.69,1,6,4,,,,,,,,,,
27958,0,0,65.68,201.31,0.00,6.881,85.64,88.39,70.57,78.42,0,5,6,,,,,,,,,,
40619,0,0,65.70,267.88,1.00,5.537,82.24,93.34,63.28,76.00,1,4,8,,,,,,,,,,
37310,1,1,65.75,169.13,1.00,4.889,90.76,93.96,69.55,82.52,1,7,12,,,,,,,,,,
20255,1,0,65.75,9999.00,0.00,7.684,80.46,81.22,46.30,72.24,1,8,2,,,,,,,,,,
38928,1,0,65.76,190.53,1.00,7.285,79.14,69.98,50.42,83.00,0,9,10,,,,,,,,,,
31575,0,1,65.77,167.12,0.00,4.974,76.02,71.41,72.19,72.54,0,5,9,,,,,,,,,,
43402,1,0,65.81,171.38,0.00,9.247,82.11,77.55,60.62,70.67,1,4,5,,,,,,,,,,
44698,1,0,65.85,137.81,0.00,7.135,83.97,80.50,69.57,84.09,0,2,4,,,,,,,,,,
36863,1,1,65.86,154.31,0.00,5.079,89.37,82.52,60.47,89.00,0,5,9,,,,,,,,,,
45041,1,0,65.91,160.53,0.00,7.47,81.02,88.09,68.74,83.97,0,6,10,,,,,,,,,,
20243,1,0,65.99,128.40,1.00,8.097,81.96,82.52,64.05,81.58,0,3,7,,,,,,,,,,
20903,0,1,65.99,141.53,0.00,5.663,89.95,83.61,61.04,78.86,0,6,4,,,,,,,,,,
32786,1,0,66.03,211.24,0.00,6.787,82.95,83.26,68.23,82.78,0,4,11,,,,,,,,,,
32776,1,0,66.04,221.50,0.00,8.057,89.33,89.86,59.70,84.88,0,5,12,,,,,,,,,,
45762,1,0,66.04,9999.00,2.00,8.620,78.33,85.84,62.68,81.88,0,4,13,,,,,,,,,,
39867,0,0,66.07,116.99,2.00,8.929,86.91,53.75,73.52,75.85,0,8,6,,,,,,,,,,
44517,1,1,66.07,137.00,0.00,6.826,69.81,70.58,35.32,70.73,1,5,20.00,,,,,,,,,,
32404,0,0,66.09,145.31,0.00,8.997,84.45,89.39,75.19,78.00,0,7,22.00,,,,,,,,,,
21939,0,1,66.09,9999.00,0.00,5.326,87.70,81.10,61.61,86.00,0,6,5,,,,,,,,,,
48958,1,1,66.14,158.98,2.00,7.079,85.75,77.39,44.70,80.65,0,8,7,,,,,,,,,,
37105,1,1,66.15,9999.00,2.00,6.651,76.62,79.86,59.55,82.14,0,5,3,,,,,,,,,,
43221,1,1,66.17,9999.00,0.00,6.35,76.23,79.79,64.83,83.58,1,5,4,,,,,,,,,,
34623,1,0,66.21,217.45,0.00,6.902,78.20,75.92,46.99,81.43,0,7,8,,,,,,,,,,
20826,0,0,66.21,227.90,0.00,6.229,77.38,67.59,66.59,76.47,1,9,7,,,,,,,,,,
36563,1,0,66.26,151.68,0.00,7.036,83.53,80.02,66.33,84.21,0,5,12,,,,,,,,,,
48509,0,1,66.27,119.07,0.00,4.556,79.81,77.98,65.48,83.37,1,6,5,,,,,,,,,,
27209,1,1,66.28,163.19,0.00,6.167,81.37,72.15,58.36,87.49,0,3,12,,,,,,,,,,
46221,0,1,66.29,153.80,0.00,4.681,82.49,82.01,62.99,75.64,1,3,6,,,,,,,,,,
41411,1,1,66.29,9999.00,0.00,4.64,86.76,74.05,48.78,91.14,1,10,5,,,,,,,,,,
49165,,1,66.32,185.90,2.00,5.846,90.18,91.35,61.72,75.24,0,4,9,,,,,,,,,,
22240,1,1,66.35,138.24,0.00,8.57,86.28,88.13,62.92,90.27,0,4,13,,,,,,,,,,
25034,1,0,66.35,9999.00,0.00,7.403,74.68,75.42,62.08,77.96,1,5,3,,,,,,,,,,
29464,1,0,66.38,124.59,0.00,9.597,85.52,80.77,50.11,83.67,0,5,9,,,,,,,,,,
20615,1,0,66.40,167.57,0.00,5.37,85.44,85.49,69.92,84.34,1,7,6,,,,,,,,,,
38365,0,1,66.41,175.20,0.00,5.808,77.09,79.08,60.93,76.27,1,10,5,,,,,,,,,,
48112,1,1,66.52,166.58,0.00,6.364,77.66,87.67,75.85,78.00,0,4,10,,,,,,,,,,
26510,0,1,66.56,196.32,0.00,5.002,99.56,85.94,80.59,79.12,0,4,11,,,,,,,,,,
41156,1,1,66.61,172.85,0.00,5.083,85.89,81.11,72.83,90.81,0,6,16,,,,,,,,,,
26034,1,1,66.63,153.12,0.00,6.86,89.29,96.80,93.78,88.77,0,7,10,,,,,,,,,,
47339,1,1,66.63,164.82,0.00,6.092,69.78,77.16,62.23,78.04,0,10,13,,,,,,,,,,
32929,0,1,66.63,169.60,0.00,6.75,76.00,78.35,55.21,70.56,0,2,12.00,,,,,,,,,,
26262,0,0,66.64,161.08,0.00,7.207,83.59,81.11,83.54,76.56,0,8,11,,,,,,,,,,
26223,1,0,66.67,224.44,0.00,6.78,87.29,89.62,69.11,75.00,0,4,17,,,,,,,,,,
33348,1,1,66.68,144.26,0.00,6.160,82.61,76.39,53.91,85.18,1,3,14,,,,,,,,,,
39298,1,1,66.68,152.33,1.00,6.233,75.65,77.24,60.24,75.23,0,2,10,,,,,,,,,,
28942,1,1,66.69,180.57,0.00,6.076,68.27,93.88,55.20,78.18,0,2,15,,,,,,,,,,
36404,0,0,66.72,190.07,0.00,8.112,78.65,63.48,63.19,80.27,0,4,24.00,,,,,,,,,,
23767,0,1,66.82,166.55,0.00,5.654,77.42,79.14,60.06,76.25,1,4,11,,,,,,,,,,
44640,1,1,66.89,127.14,0.00,4.810,83.17,95.24,69.33,78.40,0,4,7,,,,,,,,,,
42826,0,1,66.91,156.65,1.00,5.648,83.41,86.06,77.26,79.55,0,5,5,,,,,,,,,,
35676,1,1,66.91,177.89,2.00,4.68,79.94,76.74,62.53,84.78,1,4,0,,,,,,,,,,
20183,0,0,66.92,192.61,0.00,7.407,83.30,82.98,68.82,75.49,0,6,5,,,,,,,,,,
29363,1,0,66.93,218.56,2.00,6.615,90.33,96.79,69.79,84.00,1,4,26.00,,,,,,,,,,
28460,1,1,66.95,161.61,0.00,5.632,77.68,73.78,61.55,86.28,1,4,3,,,,,,,,,,
25740,1,0,66.97,154.81,0.00,8.285,82.56,89.88,81.44,78.00,0,4,3,,,,,,,,,,
38418,0,0,66.99,122.67,0.00,7.080,69.32,66.09,51.08,80.44,1,7,5,,,,,,,,,,
22167,0,0,67.02,214.95,0.00,7.610,80.08,75.46,71.20,74.78,0,4,16,,,,,,,,,,
24656,1,0,67.11,9999.00,0.00,8.224,81.68,88.16,70.56,72.53,1,6,3,,,,,,,,,,
41092,0,0,67.12,261.92,0.00,7.113,91.79,84.44,66.76,88.03,1,4,11,,,,,,,,,,
43678,,1,67.15,187.29,0.00,5.108,73.31,81.99,73.20,74.14,1,2,4,,,,,,,,,,
25577,1,0,67.18,178.16,2.00,8.138,91.36,77.64,59.33,89.69,1,7,4,,,,,,,,,,
32304,1,1,67.24,157.19,0.00,5.404,82.77,73.27,55.81,79.15,1,6,2,,,,,,,,,,
48238,0,0,67.24,272.58,2.00,5.295,78.90,68.82,62.43,75.59,0,6,12,,,,,,,,,,
48816,1,0,67.26,182.98,2.00,5.78,86.89,74.50,66.02,83.58,1,7,5,,,,,,,,,,
24985,1,0,67.27,9999.00,1.00,7.025,78.66,77.65,56.04,76.00,1,8,11,,,,,,,,,,
25866,1,1,67.29,158.08,0.00,6.212,77.78,85.61,65.15,76.63,0,5,10,,,,,,,,,,
35599,0,0,67.29,218.97,1.00,7.323,74.07,73.45,63.54,83.00,1,5,3,,,,,,,,,,
48529,1,0,67.31,154.31,0.00,7.819,84.16,80.63,64.30,83.45,0,0,23.00,,,,,,,,,,
25221,0,1,67.31,206.56,0.00,5.020,73.12,87.62,63.49,69.56,1,6,2,,,,,,,,,,
45559,0,0,67.32,216.58,1.00,6.451,76.55,74.41,64.20,71.37,0,7,4,,,,,,,,,,
39413,1,1,67.42,9999.00,0.00,4.927,89.35,71.08,59.71,77.94,0,6,8.00,,,,,,,,,,
24559,1,1,67.43,128.17,2.00,7.38,82.61,77.30,65.52,80.45,1,7,3,,,,,,,,,,
27496,1,0,67.51,251.41,0.00,7.035,74.85,70.41,65.51,83.06,0,3,11,,,,,,,,,,
34417,1,1,67.54,9999.00,0.00,5.138,80.95,73.22,61.00,81.69,0,7,23.00,,,,,,,,,,
49931,0,1,67.55,158.70,0.00,5.140,84.34,66.53,63.70,75.77,0,5,10,,,,,,,,,,
39006,1,1,67.56,151.53,0.00,6.663,89.49,86.13,65.30,84.68,0,4,10,,,,,,,,,,
42681,0,1,67.58,192.06,1.00,5.771,69.96,78.19,68.17,78.57,1,7,13,,,,,,,,,,
31160,1,1,67.63,167.76,1.00,5.413,81.45,88.50,64.31,77.29,1,5,9,,,,,,,,,,
36693,1,0,67.65,127.16,2.00,9.475,80.53,87.96,64.28,81.96,1,5,5,,,,,,,,,,
42474,1,0,67.65,215.38,0.00,7.266,81.29,84.10,78.69,74.30,0,2,6,,,,,,,,,,
34591,1,0,67.68,155.29,1.00,8.408,79.43,75.91,59.55,78.19,0,7,18,,,,,,,,,,
39033,1,1,67.69,164.02,0.00,5.791,80.97,70.75,60.08,76.89,0,7,9,,,,,,,,,,
36336,1,0,67.70,123.31,0.00,8.103,82.15,96.24,67.59,79.11,0,3,4,,,,,,,,,,
27765,1,1,67.71,196.48,0.00,5.978,70.26,69.19,64.17,66.76,1,5,11,,,,,,,,,,
20680,1,1,67.73,169.90,0.00,6.621,85.34,84.05,50.70,46.00,1,6,2,,,,,,,,,,
28053,1,0,67.77,150.92,0.00,8.170,88.16,80.86,58.27,78.20,1,7,3,,,,,,,,,,
32712,0,0,67.81,318.87,2.00,5.990,90.29,78.63,65.35,76.83,0,3,9,,,,,,,,,,
28570,0,0,67.93,136.96,2.00,5.38,71.28,66.97,59.05,77.43,1,9,5.00,,,,,,,,,,
32415,,1,67.98,194.94,0.00,7.55,87.86,75.84,65.55,77.06,1,6,3,,,,,,,,,,
30329,0,0,67.99,215.85,2.00,6.082,82.28,81.52,65.08,77.40,0,5,14,,,,,,,,,,
38631,0,1,68.07,190.81,0.00,6.36,94.67,94.17,81.01,86.68,0,7,8,,,,,,,,,,
26771,1,1,68.09,124.09,1.00,6.641,92.20,83.69,69.35,91.78,0,4,12.00,,,,,,,,,,
44533,0,0,68.09,9999.00,0.00,8.755,98.81,80.59,67.84,81.60,1,10,5,,,,,,,,,,
34272,0,1,68.10,130.07,0.00,6.78,81.05,85.76,58.16,81.87,0,6,10,,,,,,,,,,
36406,1,0,68.21,219.26,0.00,7.337,82.46,98.48,60.56,78.51,1,4,8,,,,,,,,,,
37553,0,0,68.22,167.04,0.00,8.221,82.86,80.98,67.23,79.49,0,3,5,,,,,,,,,,
49821,1,1,68.23,164.31,1.00,5.637,71.93,67.04,62.64,89.00,0,4,15.00,,,,,,,,,,
49947,1,1,68.32,160.54,0.00,5.503,71.12,56.53,55.43,73.56,1,7,9,,,,,,,,,,
37615,1,1,68.33,156.75,1.00,5.769,76.01,79.17,65.63,84.00,1,5,7,,,,,,,,,,
49386,1,0,68.33,170.81,0.00,8.678,56.87,70.50,57.16,90.66,1,6,11,,,,,,,,,,
41503,0,0,68.35,216.11,0.00,6.326,85.29,72.55,67.54,80.46,1,5,13,,,,,,,,,,
36173,1,1,68.37,171.67,2.00,6.295,76.98,69.59,66.05,71.83,1,5,4,,,,,,,,,,
31227,1,0,68.38,149.67,2.00,7.494,82.28,81.25,61.78,78.66,1,10,5,,,,,,,,,,
21606,1,1,68.40,159.92,0.00,5.671,83.33,94.15,67.51,74.97,1,2,6,,,,,,,,,,
34800,1,1,68.42,168.86,2.00,6.54,74.74,73.12,54.49,78.87,1,5,3,,,,,,,,,,
28980,0,1,68.45,171.61,0.00,4.650,70.10,77.54,61.40,77.48,1,8,3,,,,,,,,,,
40697,0,0,68.50,131.92,0.00,9.125,91.01,86.87,70.25,82.67,0,6,15,,,,,,,,,,
29470,1,1,68.53,143.69,0.00,4.770,75.43,79.27,66.95,76.09,0,10,9,,,,,,,,,,
33312,0,1,68.56,163.96,0.00,4.750,78.98,87.53,76.71,70.79,1,9,9,,,,,,,,,,
44736,0,1,68.62,188.81,0.00,5.393,87.96,90.10,70.07,83.00,0,4,4,,,,,,,,,,
29142,1,0,68.67,9999.00,0.00,6.572,89.48,78.00,59.24,81.95,1,4,0,,,,,,,,,,
40390,1,1,68.84,154.70,0.00,6.279,75.65,76.54,51.14,75.94,0,5,3,,,,,,,,,,
48033,1,1,68.84,175.69,0.00,4.621,83.89,75.34,53.49,72.11,0,5,25.00,,,,,,,,,,
43676,1,0,68.86,133.01,0.00,7.620,87.00,81.94,47.07,78.77,0,3,13.00,,,,,,,,,,
32187,0,1,68.88,152.39,0.00,4.704,89.08,89.63,67.43,72.86,1,6,10,,,,,,,,,,
45928,1,0,68.91,144.17,2.00,9.159,81.07,85.37,67.43,78.32,0,5,10,,,,,,,,,,
26140,1,1,69.02,195.56,0.00,4.634,83.15,83.95,77.60,89.07,0,5,5,,,,,,,,,,
48591,0,1,69.09,198.92,0.00,4.695,67.77,77.46,59.51,64.00,0,6,21.00,,,,,,,,,,
44116,1,0,69.25,183.68,1.00,4.67,82.99,74.41,61.40,81.12,1,5,15,,,,,,,,,,
33628,1,1,69.27,157.26,2.00,6.905,75.59,85.97,66.84,79.35,0,4,10,,,,,,,,,,
27688,1,0,69.41,170.86,1.00,7.652,86.99,84.61,78.33,84.56,1,7,3,,,,,,,,,,
44413,1,0,69.43,207.72,0.00,8.157,86.85,91.25,76.93,84.01,0,5,9,,,,,,,,,,
46968,1,1,69.55,160.06,0.00,5.959,88.85,78.56,54.49,85.91,0,7,5,,,,,,,,,,
45095,1,1,69.57,153.19,0.00,5.153,84.50,76.92,68.00,87.00,0,6,9,,,,,,,,,,
43596,0,1,69.57,182.52,0.00,4.748,70.73,84.95,75.84,76.98,0,7,11,,,,,,,,,,
30164,0,0,69.58,183.92,0.00,6.838,71.07,86.60,63.45,75.72,0,7,5,,,,,,,,,,
23155,1,1,69.59,9999.00,0.00,5.951,85.00,84.15,73.84,85.49,0,3,7,,,,,,,,,,
38186,0,0,69.62,9999.00,0.00,7.976,74.88,78.19,61.91,85.39,0,4,7,,,,,,,,,,
41288,0,0,69.63,176.11,2.00,7.848,79.48,101.59,73.49,71.67,1,5,1,,,,,,,,,,
42216,0,0,69.66,148.39,1.00,7.767,87.73,80.76,54.12,71.37,0,2,4,,,,,,,,,,
36109,1,1,69.66,168.23,0.00,5.162,82.92,81.07,64.33,81.49,1,5,4,,,,,,,,,,
34212,1,1,69.66,9999.00,1.00,5.795,82.98,84.31,67.97,90.90,0,6,16,,,,,,,,,,
32380,0,0,69.67,189.78,2.00,8.527,96.00,73.03,65.42,86.18,0,8,16,,,,,,,,,,
34176,0,1,69.70,173.56,0.00,5.522,65.26,77.09,56.32,72.51,1,4,5,,,,,,,,,,
43610,1,0,69.70,216.06,1.00,8.478,79.61,78.38,45.79,77.91,1,3,6,,,,,,,,,,
22961,0,1,69.73,221.92,0.00,5.585,82.18,81.02,66.15,79.47,0,11,6,,,,,,,,,,
45420,0,1,69.77,230.59,0.00,4.620,84.40,76.60,63.42,72.67,1,4,16,,,,,,,,,,
33055,0,1,69.78,9999.00,0.00,4.673,58.87,74.07,57.48,73.15,1,5,5,,,,,,,,,,
23659,0,0,69.82,274.67,0.00,6.36,83.23,84.39,59.27,75.95,0,3,6,,,,,,,,,,
26367,1,0,69.84,174.28,0.00,6.969,77.24,72.75,63.06,84.48,0,4,21.00,,,,,,,,,,
48942,1,0,69.84,238.91,0.00,6.756,81.22,83.18,85.32,85.00,0,4,9,,,,,,,,,,
42914,1,1,69.92,190.62,0.00,6.118,85.06,80.56,69.25,85.20,1,4,10,,,,,,,,,,
36714,0,0,69.93,199.78,0.00,6.905,95.11,94.66,73.25,77.75,1,6,6,,,,,,,,,,
44795,1,0,69.94,240.42,0.00,6.598,93.00,83.23,86.66,90.94,1,5,5,,,,,,,,,,
29529,1,1,69.94,9999.00,0.00,4.637,89.68,90.60,69.89,80.68,0,3,2,,,,,,,,,,
46265,0,1,69.97,172.91,0.00,5.521,91.92,73.49,63.88,85.42,0,8,18.00,,,,,,,,,,
22186,0,0,69.97,210.45,1.00,8.549,94.41,92.48,73.18,84.32,1,6,9,,,,,,,,,,
27638,0,0,69.99,291.73,0.00,7.460,54.78,69.84,60.41,86.99,0,5,5,,,,,,,,,,
42217,,1,70.10,186.81,0.00,5.617,87.15,91.86,70.96,89.84,1,7,4,,,,,,,,,,
29045,0,0,70.12,164.59,0.00,8.498,86.00,91.34,64.41,71.02,0,1,6,,,,,,,,,,
28084,0,0,70.16,9999.00,0.00,8.246,91.72,86.81,71.22,81.83,1,6,4,,,,,,,,,,
23889,0,1,70.29,175.49,0.00,4.593,81.74,86.41,66.21,76.24,1,9,8,,,,,,,,,,
25893,0,1,70.33,189.23,0.00,5.798,78.84,71.03,60.19,74.68,0,5,25.00,,,,,,,,,,
37421,0,1,70.36,217.99,0.00,5.755,76.89,92.05,78.63,78.19,0,4,5,,,,,,,,,,
40601,0,1,70.38,9999.00,0.00,7.78,70.35,64.60,60.57,75.92,0,9,6,,,,,,,,,,
32219,0,0,70.40,246.64,0.00,5.753,82.45,89.05,85.19,75.51,1,6,18.00,,,,,,,,,,
45550,1,1,70.41,9999.00,0.00,5.910,84.60,67.82,62.77,82.73,0,5,4,,,,,,,,,,
26776,1,0,70.50,178.58,1.00,7.744,79.69,84.04,64.38,80.86,0,5,10,,,,,,,,,,
40916,1,0,70.50,275.79,0.00,7.276,91.25,97.69,77.73,83.53,0,6,25.00,,,,,,,,,,
38775,0,1,70.58,152.70,0.00,8.36,79.64,68.83,47.62,77.11,1,5,5,,,,,,,,,,
20278,0,0,70.66,179.20,0.00,8.004,89.45,85.25,70.19,73.27,1,5,2,,,,,,,,,,
20389,0,0,70.68,198.52,0.00,6.78,96.73,86.88,71.20,84.24,1,8,7,,,,,,,,,,
36657,1,0,70.71,169.66,2.00,8.232,91.91,91.58,67.08,85.88,0,3,9,,,,,,,,,,
36104,0,1,70.74,175.65,0.00,4.716,76.49,89.04,62.25,67.08,0,1,10,,,,,,,,,,
32069,0,1,70.75,161.40,0.00,5.595,82.54,83.33,69.79,83.66,0,6,4,,,,,,,,,,
46663,1,0,70.77,267.37,1.00,6.391,84.79,87.04,64.34,76.01,1,5,5,,,,,,,,,,
42520,0,0,70.79,196.86,0.00,7.068,85.68,77.20,70.87,69.61,0,3,8,,,,,,,,,,
31078,1,0,70.85,151.98,0.00,6.85,82.12,69.32,58.70,84.21,0,5,16.00,,,,,,,,,,
33022,0,1,70.95,157.37,0.00,5.771,87.37,84.39,70.13,75.07,0,5,12,,,,,,,,,,
44752,1,0,71.10,150.07,0.00,8.897,85.36,90.18,60.03,85.15,1,3,1,,,,,,,,,,
48216,0,1,71.21,170.94,2.00,5.78,94.33,76.88,74.19,79.99,1,8,4,,,,,,,,,,
33017,0,1,71.28,153.92,0.00,4.717,76.75,81.10,51.11,74.47,1,3,2,,,,,,,,,,
31549,0,0,71.31,244.67,0.00,7.452,76.51,80.59,71.18,84.17,0,5,18.00,,,,,,,,,,
24362,1,0,71.35,212.08,0.00,7.559,79.10,88.78,62.85,76.60,0,6,8,,,,,,,,,,
29507,1,0,71.39,144.70,0.00,8.193,94.85,86.33,68.35,89.00,0,5,12,,,,,,,,,,
23217,0,0,71.41,224.02,0.00,6.475,75.20,81.54,66.66,85.38,0,5,5,,,,,,,,,,
35269,0,1,71.45,144.14,0.00,3.86,87.17,82.29,67.32,84.23,0,4,11,,,,,,,,,,
49838,0,1,71.56,9999.00,0.00,5.651,68.97,78.16,60.06,71.87,1,10,7,,,,,,,,,,
30968,1,0,71.62,9999.00,0.00,6.989,78.00,81.51,62.14,74.13,0,3,15.00,,,,,,,,,,
41291,0,1,71.67,205.62,0.00,4.890,84.67,79.64,60.85,76.77,0,9,6,,,,,,,,,,
22054,0,1,71.67,9999.00,0.00,5.38,84.96,86.06,56.81,72.00,0,8,3,,,,,,,,,,
40900,0,1,71.71,200.31,0.00,5.78,92.22,88.87,63.82,88.80,0,5,11,,,,,,,,,,
25382,0,1,71.72,164.17,0.00,4.574,87.54,84.77,69.78,78.52,0,5,3,,,,,,,,,,
23017,,0,71.72,224.57,0.00,7.638,76.63,84.19,65.25,72.61,0,8,4,,,,,,,,,,
46808,0,0,71.79,155.62,2.00,7.221,90.18,81.70,80.51,75.58,0,7,6,,,,,,,,,,
46722,1,1,71.80,152.03,1.00,6.481,97.49,78.84,64.89,88.09,0,3,10,,,,,,,,,,
40274,0,1,71.91,222.87,0.00,6.84,97.56,67.31,58.64,65.89,0,8,3,,,,,,,,,,
36009,0,0,71.97,205.43,0.00,7.954,84.25,84.65,60.12,83.74,0,5,14,,,,,,,,,,
21610,0,1,72.05,177.00,0.00,5.124,94.38,89.54,82.12,82.54,0,3,12,,,,,,,,,,
21083,1,0,72.05,234.64,0.00,6.746,78.85,86.92,68.53,71.42,0,5,3,,,,,,,,,,
39281,0,1,72.09,184.58,0.00,5.653,87.89,93.30,70.65,75.39,1,4,4,,,,,,,,,,
49879,0,1,72.09,217.25,0.00,5.460,72.80,73.18,53.71,72.41,0,6,4,,,,,,,,,,
21254,0,1,72.15,9999.00,0.00,5.203,71.87,93.95,78.54,75.98,0,8,9,,,,,,,,,,
30056,0,1,72.17,175.91,0.00,4.36,81.35,73.57,67.89,69.86,1,7,4,,,,,,,,,,
46919,1,1,72.26,166.04,0.00,5.381,82.56,77.19,60.73,83.54,0,3,6,,,,,,,,,,
39796,1,0,72.35,230.27,2.00,7.312,88.97,86.53,52.48,81.21,0,4,2,,,,,,,,,,
43783,0,0,72.35,9999.00,0.00,7.978,88.24,81.50,60.02,81.44,1,7,1,,,,,,,,,,
25875,1,0,72.41,9999.00,0.00,7.571,78.41,88.07,66.28,82.75,1,8,4,,,,,,,,,,
29115,0,1,72.49,217.29,0.00,5.550,86.30,92.01,65.03,76.40,0,5,13.00,,,,,,,,,,
22069,0,0,72.57,224.92,0.00,7.135,83.19,89.74,72.56,76.63,1,3,7,,,,,,,,,,
35048,1,0,72.68,270.29,1.00,6.16,91.35,86.26,58.31,77.66,0,3,11,,,,,,,,,,
23731,0,1,72.69,209.32,0.00,5.554,87.83,84.06,63.32,72.53,0,4,3,,,,,,,,,,
36555,0,0,72.69,253.60,2.00,6.716,70.48,85.48,65.88,71.44,0,7,7,,,,,,,,,,
21345,0,1,72.81,228.27,0.00,7.65,56.89,90.42,75.93,79.71,0,7,19,,,,,,,,,,
49326,0,0,72.85,194.74,0.00,7.812,69.48,79.78,54.69,69.38,1,5,6,,,,,,,,,,
41147,0,0,73.01,173.43,0.00,6.90,75.58,74.57,63.84,85.00,1,4,3,,,,,,,,,,
39542,1,0,73.06,213.32,0.00,7.930,75.38,76.45,63.70,76.69,1,6,14.00,,,,,,,,,,
41157,1,0,73.12,159.82,0.00,8.512,77.67,92.88,76.91,78.91,1,11,4,,,,,,,,,,
29757,0,1,73.19,174.59,0.00,5.835,78.74,81.77,70.19,75.83,0,3,9,,,,,,,,,,
41165,1,0,73.21,161.72,0.00,8.783,80.14,86.07,74.68,88.19,0,8,6,,,,,,,,,,
31862,0,1,73.25,9999.00,0.00,5.625,75.44,86.14,59.64,76.88,1,3,5,,,,,,,,,,
34469,0,1,73.28,186.90,0.00,5.341,87.01,83.46,61.09,79.60,0,5,14,,,,,,,,,,
34919,0,0,73.35,9999.00,1.00,4.73,59.83,74.71,55.54,74.97,1,6,7,,,,,,,,,,
26481,0,1,73.36,181.20,0.00,5.707,64.01,76.44,68.95,73.62,1,4,11,,,,,,,,,,
40229,0,0,73.37,180.81,0.00,7.383,84.12,86.28,67.47,78.80,0,6,8,,,,,,,,,,
39341,0,1,73.48,212.18,0.00,5.456,77.64,71.09,66.48,74.43,1,7,26.00,,,,,,,,,,
48976,0,1,73.51,174.89,2.00,5.845,85.37,71.20,58.10,77.72,0,4,8,,,,,,,,,,
37713,0,1,73.55,181.47,0.00,6.44,70.76,80.71,69.43,74.74,0,3,16.00,,,,,,,,,,
30268,0,0,73.58,319.65,1.00,6.535,81.10,87.48,71.30,72.35,0,4,11,,,,,,,,,,
26582,0,1,73.71,197.09,0.00,4.749,85.67,67.62,53.06,77.68,0,3,12,,,,,,,,,,
22938,0,0,73.84,261.08,0.00,6.430,75.56,54.75,57.61,67.00,0,3,9,,,,,,,,,,
40408,0,0,73.90,181.27,0.00,5.37,75.66,81.97,60.76,75.20,1,8,8,,,,,,,,,,
22617,0,1,74.05,9999.00,2.00,5.504,82.14,86.18,67.71,76.71,1,5,7,,,,,,,,,,
43973,1,0,74.10,212.69,2.00,8.429,80.53,94.46,76.73,86.66,1,12,3,,,,,,,,,,
30426,0,0,74.13,157.94,0.00,8.044,80.01,78.45,59.68,76.80,1,3,24.00,,,,,,,,,,
25251,0,1,74.23,9999.00,0.00,4.631,93.63,98.19,79.65,73.97,1,4,4,,,,,,,,,,
36524,0,1,74.27,167.12,2.00,5.707,75.05,71.04,54.73,72.09,1,5,2,,,,,,,,,,
29967,0,0,74.28,264.16,0.00,6.091,73.27,82.94,70.89,76.99,0,6,19,,,,,,,,,,
38362,0,0,74.29,184.60,0.00,9.071,90.50,84.56,68.59,73.07,1,4,1,,,,,,,,,,
49213,0,1,74.32,164.91,0.00,5.685,89.30,90.92,66.46,82.21,1,2,6,,,,,,,,,,
30070,0,1,74.33,9999.00,0.00,5.772,76.55,81.33,61.31,79.30,0,9,9,,,,,,,,,,
46857,0,0,74.34,300.24,0.00,6.284,93.34,92.08,71.69,79.27,0,4,11,,,,,,,,,,
28044,0,0,74.37,9999.00,0.00,5.35,85.18,96.12,73.09,75.36,0,4,9,,,,,,,,,,
27365,1,0,74.40,162.16,1.00,8.370,78.66,79.62,52.03,85.68,0,4,3,,,,,,,,,,
30424,0,0,74.45,190.46,0.00,8.047,79.59,83.55,67.99,73.90,0,1,11,,,,,,,,,,
22742,1,0,74.47,9999.00,0.00,7.499,84.14,68.46,47.42,85.33,1,4,8,,,,,,,,,,
35886,0,1,74.49,214.03,0.00,4.984,80.02,84.81,64.96,67.97,0,6,10,,,,,,,,,,
26998,0,1,74.56,205.34,0.00,5.259,85.24,81.39,70.74,75.00,0,3,7,,,,,,,,,,
27539,1,0,74.57,266.78,0.00,6.550,85.43,87.70,70.57,77.46,1,11,1,,,,,,,,,,
34705,0,0,74.58,269.38,0.00,6.850,82.95,63.56,57.54,75.98,1,1,7,,,,,,,,,,
38644,0,0,74.80,197.22,2.00,8.177,79.38,82.64,66.51,57.00,0,4,14,,,,,,,,,,
48541,0,0,74.86,267.24,0.00,8.899,90.87,76.84,71.09,80.39,1,4,3,,,,,,,,,,
38980,0,0,74.92,165.06,0.00,8.926,88.44,84.15,78.38,69.52,0,6,5,,,,,,,,,,
47835,1,0,74.93,162.20,0.00,9.244,83.79,95.46,67.86,80.03,1,8,4,,,,,,,,,,
36368,0,1,74.96,183.16,0.00,4.642,68.77,85.45,64.91,70.19,0,10,8.00,,,,,,,,,,
39550,0,1,75.17,168.11,0.00,5.328,89.24,80.79,57.88,78.24,0,6,4,,,,,,,,,,
33204,0,1,75.38,163.87,0.00,5.141,92.32,86.05,62.61,79.61,1,8,3,,,,,,,,,,
31189,0,1,75.44,205.84,0.00,5.886,81.19,89.84,68.40,81.66,1,8,12,,,,,,,,,,
32224,0,1,75.50,212.01,0.00,5.031,46.89,77.85,63.79,85.42,0,7,4,,,,,,,,,,
44088,0,1,75.91,9999.00,0.00,4.566,85.34,81.42,73.51,74.00,1,8,10,,,,,,,,,,
40662,0,1,76.12,220.77,2.00,5.671,81.41,74.40,65.10,76.24,0,4,4,,,,,,,,,,
45303,0,1,76.12,9999.00,0.00,5.605,96.42,99.42,77.14,81.30,1,4,1,,,,,,,,,,
30139,0,1,76.18,208.45,0.00,5.115,86.22,79.21,68.17,72.81,0,3,14,,,,,,,,,,
33454,1,0,76.30,228.36,2.00,7.586,65.89,76.12,64.49,85.19,0,6,4,,,,,,,,,,
29238,0,1,76.44,195.20,0.00,5.232,86.46,91.52,74.07,78.15,0,8,13,,,,,,,,,,
45901,0,1,76.76,9999.00,0.00,4.741,78.37,83.32,65.79,81.93,1,10,4,,,,,,,,,,
34717,0,1,76.97,157.67,0.00,5.887,76.47,80.82,68.19,78.88,1,7,1,,,,,,,,,,
46911,1,0,76.97,269.82,0.00,7.153,77.36,80.47,72.62,89.02,1,5,4,,,,,,,,,,
27203,1,0,77.03,220.63,0.00,7.423,89.33,95.46,82.45,86.08,0,4,12,,,,,,,,,,
24480,0,1,77.19,207.04,0.00,5.392,86.69,80.53,63.20,70.74,0,9,7,,,,,,,,,,
37881,1,0,77.33,202.67,0.00,7.394,89.65,80.21,63.59,86.54,0,6,5,,,,,,,,,,
32521,0,1,77.49,230.42,0.00,4.979,76.90,85.24,75.94,67.00,0,5,6,,,,,,,,,,
42830,0,1,77.55,166.64,0.00,5.238,76.12,88.46,66.48,84.00,0,7,2,,,,,,,,,,
32657,0,0,77.58,9999.00,0.00,6.333,78.08,70.90,61.43,79.37,0,3,17,,,,,,,,,,
26707,0,0,77.91,172.53,0.00,8.991,83.82,87.67,70.43,74.04,0,5,3,,,,,,,,,,
31807,0,0,78.20,291.99,0.00,7.177,89.65,73.72,58.64,77.89,1,1,3,,,,,,,,,,
38549,0,0,78.55,164.79,0.00,8.142,91.20,89.95,77.45,82.24,0,6,3,,,,,,,,,,
29103,0,0,78.62,221.55,2.00,5.67,82.87,83.06,71.03,69.87,0,7,9,,,,,,,,,,
38091,0,1,78.68,238.64,2.00,5.768,67.03,68.43,64.06,68.87,1,5,8,,,,,,,,,,
49688,0,0,79.00,9999.00,0.00,4.00,97.23,64.74,67.72,84.35,1,13,7,,,,,,,,,,
45711,0,0,79.25,334.44,0.00,6.485,81.84,87.51,67.33,77.83,0,4,23.00,,,,,,,,,,
20230,0,1,80.11,9999.00,0.00,5.203,81.60,75.60,65.36,76.07,1,8,3,,,,,,,,,,
40193,0,0,80.41,321.24,2.00,6.832,89.53,83.73,72.98,81.03,1,4,4,,,,,,,,,,
49445,0,1,80.71,206.96,0.00,4.930,93.57,85.35,66.54,82.41,0,10,3.00,,,,,,,,,,
44968,0,0,80.73,225.58,0.00,7.079,88.62,78.27,68.66,77.58,0,3,10,,,,,,,,,,
41168,0,1,80.86,226.48,0.00,5.998,73.63,79.24,71.05,78.69,0,4,10,,,,,,,,,,
27037,0,0,82.40,329.20,2.00,6.698,72.66,74.61,63.23,71.70,1,9,4,,,,,,,,,,
48361,0,0,83.73,206.55,0.00,7.817,95.23,76.72,69.70,82.44,1,5,6,,,,,,,,,,
47709,0,0,84.16,208.06,1.00,8.034,89.25,87.09,66.90,80.91,0,10,6,,,,,,,,,,
42630,0,0,84.41,350.07,0.00,6.646,71.29,83.84,68.85,76.56,1,2,4,,,,,,,,,,
23514,1,0,9999.00,115.19,2.00,8.314,87.76,80.41,46.68,83.13,0,0,4,,,,,,,,,,
30953,1,0,9999.00,118.99,0.00,7.875,72.79,71.65,68.83,78.85,1,8,11,,,,,,,,,,
22652,1,0,9999.00,127.17,0.00,7.226,76.69,70.11,53.54,78.82,0,3,4,,,,,,,,,,
43344,0,0,9999.00,132.69,1.00,7.443,70.42,85.29,57.95,79.22,1,9,7.00,,,,,,,,,,
25871,0,1,9999.00,148.82,0.00,4.524,83.95,74.02,74.92,64.06,0,4,21.00,,,,,,,,,,
47887,1,1,9999.00,151.97,0.00,5.527,86.59,79.22,57.58,70.89,1,4,3,,,,,,,,,,
33358,1,0,9999.00,155.65,0.00,3.46,85.83,97.22,77.92,73.17,0,3,8,,,,,,,,,,
45788,1,1,9999.00,165.64,0.00,5.772,83.46,87.08,64.73,85.32,0,6,5,,,,,,,,,,
35684,0,0,9999.00,167.26,0.00,5.595,57.54,86.65,63.07,71.33,0,2,7,,,,,,,,,,
43142,0,0,9999.00,174.81,0.00,6.348,96.48,81.68,63.49,85.67,1,1,5,,,,,,,,,,
45256,1,1,9999.00,174.82,2.00,6.486,84.96,90.88,59.03,79.53,1,7,14.00,,,,,,,,,,
24556,1,0,9999.00,180.44,0.00,6.259,84.09,69.80,56.00,83.00,1,8,1,,,,,,,,,,
37301,1,0,9999.00,180.47,2.00,7.623,90.83,90.28,66.51,78.65,0,7,1,,,,,,,,,,
47676,0,0,9999.00,181.18,1.00,7.109,88.45,88.33,71.93,78.05,0,4,18,,,,,,,,,,
33692,0,1,9999.00,187.80,0.00,5.357,72.00,80.06,70.34,74.80,0,6,16,,,,,,,,,,
22820,1,0,9999.00,198.34,0.00,8.473,74.06,88.68,55.89,73.16,1,2,6,,,,,,,,,,
33162,0,0,9999.00,204.54,2.00,5.451,81.73,86.80,67.03,77.71,1,6,10,,,,,,,,,,
37328,0,1,9999.00,216.02,2.00,5.867,88.57,83.81,63.18,75.69,0,5,9,,,,,,,,,,
39181,0,0,9999.00,216.33,2.00,8.892,88.44,72.81,62.49,79.90,0,2,6,,,,,,,,,,
20531,0,1,9999.00,261.59,0.00,4.503,93.69,87.70,76.35,79.08,1,4,1,,,,,,,,,,
41227,1,0,9999.00,272.51,0.00,7.296,87.73,80.22,69.55,82.11,1,5,8,,,,,,,,,,
23871,0,0,9999.00,297.21,0.00,6.992,100.78,73.73,60.88,83.99,0,4,6,,,,,,,,,,
36691,0,0,9999.00,9999.00,0.00,6.924,70.35,75.49,59.63,75.31,1,8,8,,,,,,,,,,
22416,0,1,9999.00,9999.00,0.00,4.679,76.87,81.84,76.81,76.28,0,6,2,,,,,,,,,,
23643,0,1,9999.00,9999.00,0.00,5.34,80.86,75.15,75.69,81.12,0,5,6,,,,,,,,,,
34021,1,0,9999.00,9999.00,0.00,5.46,87.72,84.99,65.31,86.00,0,1,10,,,,,,,,,,
39715,0,1,9999.00,9999.00,0.00,4.751,87.86,80.51,70.42,74.57,1,9,6,,,,,,,,,,
